t	x	y	z
1352614469640	1.4165162	8.458236	2.8330324
1352614469653	2.0566726	8.444615	3.0100968
1352614469672	2.6832085	8.471856	3.2688835
1352614469692	2.819412	8.4854765	3.405087
1352614469713	2.6014864	8.362893	3.2007818
1352614469733	2.3971813	8.3765135	2.969236
1352614469754	2.2745981	8.390134	2.8602731
1352614469774	2.192876	8.281172	3.173541
1352614469794	2.2201166	8.144968	3.759216
1352614469815	2.4516625	8.21307	4.1542063
1352614469835	2.9283748	8.322033	4.1542063
1352614469855	3.255263	8.322033	4.30403
1352614469876	2.982856	8.335652	4.6445384
1352614469896	2.6968288	8.253931	4.440233
1352614469916	2.4380422	8.403754	4.2223077
1352614469936	2.73769	8.349273	4.2223077
1352614469957	3.5412905	8.444615	4.7943625
1352614469977	4.1269655	8.322033	5.09401
1352614469997	4.1542063	8.335652	4.658159
1352614470019	3.7864566	8.444615	4.195067
1352614470040	3.7047346	8.21307	4.1269655
1352614470058	3.7864566	8.022385	4.099725
1352614470083	3.9499009	8.322033	3.405087
1352614470104	4.3585114	8.539958	3.405087
1352614470124	4.344891	8.362893	3.4187074
1352614470146	3.9635212	8.253931	3.6911142
1352614470164	3.9771416	8.349273	3.5140498
1352614470185	4.3312707	8.635301	2.4244218
1352614470207	4.6445384	8.894087	1.5390993
1352614470225	4.69902	8.921328	0.9670447
1352614470245	4.6445384	8.717023	1.0215261
1352614470266	4.4538536	8.662541	1.3484144
1352614470286	4.2223077	8.635301	1.3620348
1352614470306	4.385752	8.839605	0.5720546
1352614470326	4.5219555	9.084772	0.5720546
1352614470347	4.385752	8.962189	0.29964766
1352614470369	3.636633	8.7034025	0.87170225
1352614470388	2.9964764	8.458236	1.8659877
1352614470408	3.3097446	8.580819	1.253072
1352614470428	3.5276701	8.853226	-0.5720546
1352614470449	3.3914666	8.962189	-1.0623871
1352614470469	3.0373375	8.567199	-0.2860273
1352614470489	2.2064962	7.8998017	0.6810174
1352614470510	2.5742457	7.504812	-0.35412905
1352614470567	3.214402	8.022385	-6.1700177
1352614470587	3.2280223	7.7227373	-6.3198414
1352614470608	3.0237172	7.409469	-5.284695
1352614470628	2.9964764	7.2187843	-4.807983
1352614470649	2.9964764	7.1234417	-5.7477865
1352614470671	2.9964764	7.014479	-6.4424243
1352614470689	3.3097446	7.137062	-6.074675
1352614470710	3.9090397	7.164303	-5.2302136
1352614470730	4.004382	7.137062	-5.3800373
1352614470751	3.9499009	7.4230895	-5.366417
1352614470771	4.1269655	7.8998017	-4.440233
1352614470790	4.930566	8.512717	-4.031623
1352614470811	5.5571017	9.071152	-4.0861044
1352614470833	5.529861	9.057531	-3.990762
1352614470852	4.385752	8.458236	-2.9147544
1352614470876	2.547005	7.8589406	-1.0896279
1352614470892	1.1168685	7.4911914	0.81722087
1352614470913	0.47671217	7.014479	2.4108016
1352614470934	0.14982383	6.864655	4.0180025
1352614470953	-0.54481393	6.5513873	5.448139
1352614470974	-1.5390993	6.4151835	6.6331096
1352614470996	-2.3290794	6.3334618	7.409469
1352614471014	-2.6423476	6.4832854	8.008764
1352614471035	-2.6968288	6.7284517	8.21307
1352614471056	-2.669588	6.973618	8.471856
1352614471076	-2.4516625	7.1506824	8.730643
1352614471096	-2.0430522	7.3141265	8.7034025
1352614471116	-1.5935807	7.409469	8.117727
1352614471137	-0.8036005	7.3549876	7.1915436
1352614471158	0.44947147	7.3958488	5.47538
1352614471177	1.525479	7.477571	3.5549107
1352614471197	1.9477097	7.3822284	2.6423476
1352614471217	2.192876	6.8782754	1.8387469
1352614471239	2.4108016	6.4424243	0.8308412
1352614471259	2.7921712	5.992953	-1.4437568
1352614471279	3.1463003	5.9248514	-3.7864566
1352614471299	3.636633	5.7477865	-5.448139
1352614471321	3.9362805	5.434519	-6.3198414
1352614471339	3.6774938	4.7262607	-6.510526
1352614471360	3.1054392	3.6774938	-6.701211
1352614471380	2.6423476	3.2280223	-7.5320525
1352614471400	2.819412	2.6968288	-9.329938
1352614471420	3.4731886	2.5606253	-10.296983
1352614471441	4.0861044	2.3563201	-10.269742
1352614471462	4.235928	1.9340894	-9.357179
1352614471484	3.9362805	1.334794	-8.144968
1352614471502	3.4187074	0.5992953	-8.172209
1352614471522	3.4731886	0.06810174	-8.880466
1352614471542	4.031623	-0.21792556	-9.697687
1352614471563	4.5900574	-0.2860273	-9.970095
1352614471583	4.903325	-0.5720546	-9.929234
1352614471603	4.7943625	-0.87170225	-10.038197
1352614471624	4.467474	-1.0623871	-10.092678
1352614471646	4.4129925	-1.0760075	-10.038197
1352614471664	4.385752	-0.9670447	-10.18802
1352614471685	4.263169	-0.89894295	-10.419566
1352614471705	4.113345	-0.6810174	-10.392325
1352614471728	3.8954194	-0.53119355	-10.3242235
1352614471745	3.6774938	-0.313268	-10.079058
1352614471765	3.486809	-0.16344418	-9.643207
1352614471786	3.3778462	-0.013620348	-9.071152
1352614471809	3.405087	0.06810174	-8.866846
1352614471827	3.4323275	0.20430522	-9.00305
1352614471847	3.6502533	0.25878662	-8.907707
1352614471872	3.6774938	0.19068487	-8.5944395
1352614471893	3.2825038	0.17706452	-8.430995
1352614471912	3.2688835	-0.12258313	-9.00305
1352614471933	3.1463003	-0.13620348	-9.166494
1352614471973	3.8545585	0.013620348	-8.771504
1352614471974	4.0588636	0.05448139	-8.866846
1352614471993	3.92266	0.040861044	-9.043911
1352614472013	3.92266	0.027240695	-8.894087
1352614472034	3.7319753	0.027240695	-8.975809
1352614472054	3.636633	0.027240695	-8.853226
1352614472104	3.8273177	0.14982383	-8.894087
1352614472104	3.7864566	0.19068487	-8.989429
1352614472176	3.718355	0.19068487	-8.962189
1352614472177	3.7728362	0.14982383	-8.771504
1352614472177	3.6911142	0.13620348	-8.717023
1352614472177	3.568531	0.095342435	-8.948568
1352614472197	3.4187074	0.12258313	-9.112013
1352614472217	3.5140498	0.12258313	-9.057531
1352614472237	3.6774938	0.095342435	-9.152874
1352614472257	3.9362805	0.095342435	-9.643207
1352614472278	4.1269655	-0.095342435	-10.732834
1352614472298	4.4129925	-0.08172209	-12.217452
1352614472318	4.5491962	-0.027240695	-13.293459
1352614472338	4.6445384	-0.12258313	-14.042579
1352614472359	4.8352237	-0.32688835	-14.383087
1352614472379	4.944186	-0.53119355	-14.601013
1352614472399	5.1893525	-0.667397	-14.955142
1352614472420	5.298315	-0.8036005	-15.023244
1352614472441	5.3527966	-0.92618364	-14.927901
1352614472460	4.8216033	-1.1849703	-14.669114
1352614472481	3.9635212	-0.9942854	-13.416042
1352614472503	3.3506055	-0.54481393	-12.13573
1352614472523	3.1463003	0.10896278	-11.223166
1352614472543	3.091819	0.9670447	-10.433187
1352614472564	2.6014864	1.5118586	-8.635301
1352614472584	1.8659877	2.1111538	-7.246025
1352614472604	1.2394516	2.7649305	-5.761407
1352614472624	0.47671217	3.3506055	-4.140586
1352614472644	-0.6401563	3.800077	-2.9964764
1352614472664	-1.3484144	4.2223077	-1.96133
1352614472687	-1.525479	4.426613	-0.6810174
1352614472705	-2.383561	4.344891	1.0215261
1352614472725	-3.8681788	4.535576	2.5606253
1352614472745	-5.829509	4.4129925	3.759216
1352614472765	-6.5922484	4.6172976	4.263169
1352614472785	-6.2517395	4.930566	4.372132
1352614472806	-6.2108784	4.9986677	4.7126403
1352614472826	-7.668256	5.134871	4.8897047
1352614472846	-8.308413	5.1893525	5.039529
1352614472887	-7.2187843	5.9248514	4.8488436
1352614472887	-6.769313	6.347082	4.8897047
1352614472905	-6.864655	6.4151835	5.053149
1352614472925	-7.600154	6.183638	5.2574544
1352614472946	-8.281172	6.006573	5.1212506
1352614472966	-7.9679036	6.115536	4.971427
1352614472988	-7.205164	6.2244987	5.0259085
1352614473081	-6.537767	6.238119	4.2223077
1352614473081	-6.2789803	6.115536	3.3097446
1352614473082	-6.1563973	6.074675	2.0430522
1352614473103	-5.843129	6.006573	0.6810174
1352614473111	-5.3119354	5.9248514	-0.38136974
1352614473131	-5.2165933	5.706926	-0.9942854
1352614473151	-5.570722	5.2165933	-1.1304889
1352614473171	-5.47538	4.7943625	-1.334794
1352614473191	-3.6911142	4.903325	-2.669588
1352614473211	-2.2064962	4.7943625	-3.3097446
1352614473232	-2.5197644	4.4538536	-4.1269655
1352614473252	-3.214402	3.800077	-4.0452433
1352614473272	-3.0100968	3.214402	-4.235928
1352614473292	-1.5799603	3.214402	-6.1563973
1352614473312	-0.47671217	3.3233647	-7.8180795
1352614473335	-0.7627395	3.0781987	-8.648921
1352614473354	-1.5390993	2.4380422	-8.22669
1352614473375	-0.9942854	2.1111538	-8.19945
1352614473395	0.7627395	2.2201166	-8.825985
1352614473415	2.002191	2.3290794	-10.092678
1352614473435	1.8523673	1.9340894	-10.56939
1352614473456	1.9749504	1.3075534	-10.773695
1352614473476	2.4789033	1.1168685	-11.645397
1352614473496	2.9964764	0.8308412	-12.367276
1352614473516	3.3642259	0.6946377	-12.871228
1352614473536	3.0100968	0.3405087	-12.571581
1352614473557	2.7785509	0.16344418	-11.509193
1352614473577	3.336985	-0.08172209	-10.55577
1352614473597	3.5140498	-0.40861043	-11.086963
1352614473617	3.3506055	-0.6401563	-12.14935
1352614473637	2.8602731	-0.667397	-12.53072
1352614473663	3.091819	-0.6810174	-11.781601
1352614473682	3.5412905	-0.9942854	-11.35937
1352614473698	3.6911142	-1.0623871	-12.122109
1352614473718	4.004382	-0.95342433	-13.470524
1352614473738	4.031623	-0.8580819	-14.056199
1352614473758	4.195067	-0.81722087	-13.456903
1352614473778	4.167826	-0.8580819	-12.639683
1352614473798	3.92266	-1.0623871	-12.094869
1352614473821	3.8681788	-0.89894295	-12.258313
1352614473856	3.6911142	-0.7763598	-12.830367
1352614473859	3.7047346	-0.626536	-12.884849
1352614473880	3.6774938	-0.54481393	-12.408136
1352614473900	3.336985	-0.5720546	-11.849703
1352614473920	2.9556155	-0.5992953	-11.35937
1352614473941	2.5742457	-0.35412905	-10.978001
1352614473960	2.5606253	-0.040861044	-10.991621
1352614473981	2.73769	0.29964766	-10.909899
1352614474001	2.6287272	0.5992953	-10.855417
1352614474021	2.3018389	0.95342433	-10.528529
1352614474042	1.96133	1.2394516	-9.765789
1352614474064	1.7297841	1.6344417	-9.343558
1352614474082	1.3892754	1.96133	-8.975809
1352614474102	0.89894295	2.2882185	-9.493382
1352614474123	0.8036005	2.7649305	-9.193735
1352614474143	0.38136974	3.0100968	-8.839605
1352614474163	0.095342435	3.3778462	-8.349273
1352614474183	-0.25878662	3.6774938	-7.572913
1352614474207	-0.9670447	3.92266	-7.1506824
1352614474224	-1.4437568	4.113345	-6.5241466
1352614474246	-1.96133	4.385752	-5.829509
1352614474264	-2.1656353	4.862464	-4.971427
1352614474286	-2.315459	5.202973	-4.113345
1352614474304	-2.8602731	5.5843425	-3.1871614
1352614474325	-3.0781987	5.965712	-1.96133
1352614474345	-3.214402	6.374323	-0.50395286
1352614474365	-3.759216	6.578628	0.10896278
1352614474385	-4.4538536	6.67397	0.20430522
1352614474406	-4.9986677	6.7556925	-0.095342435
1352614474427	-5.638824	7.1506824	-0.13620348
1352614474447	-6.0201936	7.1506824	0.51757324
1352614474482	-5.298315	7.559293	1.6753027
1352614474487	-5.284695	7.7363577	2.2609777
1352614474507	-6.0201936	7.641015	2.0975335
1352614474527	-6.4151835	7.6273947	2.0158114
1352614474547	-6.769313	7.4911914	2.587866
1352614474567	-6.891896	7.2187843	3.445948
1352614474601	-6.67397	6.9463773	4.4538536
1352614474650	-6.1291566	6.8237944	4.630918
1352614474650	-5.8158884	6.6331096	3.9635212
1352614474650	-5.6660647	6.578628	2.7921712
1352614474670	-5.4890003	6.4832854	1.4301366
1352614474692	-5.339176	6.3334618	0.313268
1352614474719	-5.284695	6.1700177	-0.46309182
1352614474734	-4.9850473	6.006573	-1.5935807
1352614474753	-4.535576	5.8976107	-2.9283748
1352614474773	-4.344891	5.706926	-4.235928
1352614474793	-4.2086873	5.47538	-4.862464
1352614474813	-4.113345	5.1212506	-4.6172976
1352614474833	-3.6911142	4.903325	-4.4810944
1352614474854	-2.8330324	4.8897047	-4.944186
1352614474874	-2.3290794	4.862464	-5.706926
1352614474895	-2.2064962	4.576437	-6.1291566
1352614474915	-1.9885708	4.2904096	-6.0201936
1352614474936	-1.525479	3.8681788	-6.0882955
1352614474956	-1.1168685	3.5412905	-6.905516
1352614474976	-0.7354988	3.4187074	-7.763598
1352614474996	-0.2860273	3.2961242	-7.668256
1352614475016	-0.095342435	2.9283748	-7.1506824
1352614475038	0.21792556	2.5606253	-7.3141265
1352614475059	1.0623871	2.4789033	-8.390134
1352614475077	1.7161638	2.4516625	-9.534244
1352614475097	2.083913	2.2064962	-9.779409
1352614475119	2.0566726	1.6753027	-10.119919
1352614475138	2.152015	1.1985906	-10.664732
1352614475158	2.6423476	0.92618364	-11.250407
1352614475178	3.1871614	0.58567494	-11.618156
1352614475199	3.3642259	0.2860273	-12.503479
1352614475219	2.6423476	-0.013620348	-14.47843
1352614475239	2.6832085	0.06810174	-14.47843
1352614475262	3.4731886	-0.14982383	-14.301365
1352614475289	3.3233647	-0.313268	-14.737216
1352614475300	3.173541	-0.29964766	-15.213928
1352614475320	3.2416427	-0.24516626	-15.118586
1352614475340	3.405087	-0.24516626	-14.451189
1352614475366	3.2688835	-0.12258313	-13.797412
1352614475382	3.1871614	0.027240695	-13.579487
1352614475400	3.2007818	0.25878662	-13.402422
1352614475420	3.2825038	0.40861043	-13.089154
1352614475440	3.1054392	0.6401563	-12.843987
1352614475460	2.669588	0.6810174	-12.244693
1352614475481	2.3563201	0.7763598	-11.590916
1352614475502	2.3426998	1.0079057	-11.182305
1352614475521	2.315459	1.3075534	-11.195926
1352614475541	2.1383946	1.5390993	-11.155065
1352614475561	1.7978859	1.7025435	-10.773695
1352614475581	1.3211738	1.9068487	-10.160779
1352614475602	0.9125633	2.083913	-9.248216
1352614475623	0.46309182	2.3563201	-8.4854765
1352614475643	0.10896278	2.7921712	-8.322033
1352614475663	0.013620348	3.2961242	-8.689782
1352614475683	-0.4903325	3.5004294	-8.553578
1352614475704	-1.4709976	3.5957718	-7.9679036
1352614475724	-2.1792557	3.7047346	-7.3141265
1352614475745	-2.6287272	3.9090397	-6.469665
1352614475765	-2.8057916	4.167826	-5.7341666
1352614475784	-2.7649305	4.4538536	-4.971427
1352614475806	-2.8330324	4.576437	-4.30403
1352614475826	-3.5549107	4.7126403	-3.7319753
1352614475846	-4.385752	4.767122	-3.4187074
1352614475866	-4.630918	4.8760843	-2.73769
1352614475887	-4.7943625	4.971427	-1.9885708
1352614475909	-4.9578066	5.066769	-1.1168685
1352614475927	-5.1076303	5.1076303	-0.24516626
1352614475947	-5.5162406	5.1212506	0.9670447
1352614475967	-5.9248514	5.1621118	1.7978859
1352614475988	-6.7148314	5.053149	2.6287272
1352614476008	-7.082581	5.0803895	3.2825038
1352614476031	-7.572913	5.012288	2.969236
1352614476051	-6.6875906	4.9169455	4.0588636
1352614476072	-6.0882955	5.1484914	5.202973
1352614476096	-6.4424243	5.09401	6.5650077
1352614476111	-6.374323	5.175732	7.749978
1352614476131	-6.4424243	5.2165933	8.62168
1352614476151	-6.7965536	5.053149	8.975809
1352614476171	-7.205164	4.903325	8.934948
1352614476199	-7.477571	4.671779	9.00305
1352614476212	-7.477571	4.508335	9.084772
1352614476232	-7.0553403	4.4538536	8.894087
1352614476255	-6.7556925	4.2904096	8.253931
1352614476273	-6.619489	4.1269655	7.1915436
1352614476293	-6.7148314	3.9771416	5.5026207
1352614476315	-6.347082	4.072484	3.1190596
1352614476334	-6.0610547	4.1814466	0.7354988
1352614476353	-5.8567495	4.235928	-1.1304889
1352614476374	-5.938472	4.1269655	-1.9068487
1352614476394	-6.0201936	3.990762	-2.1247742
1352614476414	-5.3119354	4.031623	-2.5606253
1352614476434	-4.930566	3.8954194	-3.5549107
1352614476456	-4.8352237	3.7319753	-4.767122
1352614476476	-4.385752	3.800077	-5.6660647
1352614476496	-3.881799	3.7728362	-6.0474343
1352614476516	-3.7864566	3.2825038	-6.0201936
1352614476537	-3.8954194	2.6014864	-6.347082
1352614476557	-3.9362805	2.0430522	-7.164303
1352614476577	-3.5549107	1.5390993	-7.8998017
1352614476597	-3.3233647	1.0896279	-8.580819
1352614476617	-2.7785509	0.7354988	-8.60806
1352614476640	-2.4925237	0.40861043	-8.430995
1352614476660	-2.6014864	0.14982383	-8.471856
1352614476680	-2.547005	-0.05448139	-8.580819
1352614476699	-2.2882185	-0.35412905	-8.390134
1352614476721	-1.8932283	-0.7627395	-8.471856
1352614476749	-1.5799603	-1.5118586	-10.20164
1352614476767	-1.3892754	-1.7025435	-11.209546
1352614476786	-0.81722087	-1.8115063	-11.481953
1352614476807	-0.313268	-2.1111538	-11.277648
1352614476826	0.14982383	-2.3290794	-11.863323
1352614476847	0.313268	-2.192876	-13.538626
1352614476867	0.29964766	-1.9340894	-14.996003
1352614476887	-0.095342435	-1.607201	-15.091345
1352614476911	0.9670447	-1.3892754	-14.423948
1352614476933	2.6014864	-0.8036005	-14.369467
1352614476948	2.73769	-0.6401563	-14.914281
1352614476968	2.2064962	-0.7082581	-15.5135765
1352614476988	1.6889231	-0.8580819	-15.785983
1352614477009	1.253072	-0.8580819	-15.854085
1352614477028	0.84446156	-0.9670447	-14.996003
1352614477049	0.6946377	-0.9670447	-13.892755
1352614477069	0.7491191	-0.89894295	-12.93933
1352614477089	0.5720546	-0.7354988	-12.54434
1352614477109	0.19068487	-0.58567494	-12.639683
1352614477130	-0.23154591	-0.54481393	-12.489859
1352614477151	-0.7627395	-0.43585113	-12.258313
1352614477174	-0.7763598	-0.25878662	-11.4410925
1352614477192	-0.980665	-0.013620348	-10.841797
1352614477213	-1.3756552	0.16344418	-10.2152605
1352614477235	-1.8523673	0.32688835	-9.724928
1352614477253	-2.1111538	0.6401563	-9.452521
1352614477273	-2.2882185	0.9670447	-8.907707
1352614477293	-2.506144	1.1849703	-7.8998017
1352614477314	-2.9419951	1.4437568	-6.9463773
1352614477335	-3.568531	1.6753027	-6.2789803
1352614477355	-4.099725	1.9885708	-6.0610547
1352614477375	-4.2086873	2.2882185	-5.952092
1352614477395	-4.2086873	2.5333846	-5.8158884
1352614477415	-4.5219555	2.5742457	-5.1212506
1352614477436	-5.1621118	2.465283	-3.8954194
1352614477456	-5.761407	2.383561	-2.9419951
1352614477476	-6.115536	2.4108016	-2.5197644
1352614477496	-6.4424243	2.4516625	-2.3971813
1352614477518	-6.3879433	2.5333846	-1.9068487
1352614477538	-6.2789803	2.5742457	-0.89894295
1352614477559	-6.374323	2.6151068	0.6946377
1352614477580	-6.66035	2.6014864	2.233737
1352614477599	-6.932757	2.587866	3.4731886
1352614477619	-7.940663	2.4380422	4.372132
1352614477639	-8.580819	2.2609777	5.09401
1352614477659	-9.152874	1.9885708	6.0610547
1352614477679	-9.2073555	1.7842655	7.096201
1352614477699	-9.479762	1.5799603	7.1234417
1352614477721	-9.071152	1.5935807	7.518432
1352614477763	-8.444615	1.9749504	7.2596455
1352614477763	-8.62168	2.0430522	7.409469
1352614477781	-8.7034025	2.152015	7.3005066
1352614477800	-8.567199	2.2473574	7.1098213
1352614477821	-8.444615	2.2473574	6.769313
1352614477842	-8.19945	2.233737	6.2926006
1352614477872	-8.253931	2.1656353	5.7477865
1352614477883	-8.185829	2.070293	4.9986677
1352614477902	-7.709117	2.2201166	3.9635212
1352614477923	-7.2187843	2.383561	2.9419951
1352614477942	-6.9872384	2.465283	2.1247742
1352614477962	-6.769313	2.547005	1.1168685
1352614477982	-6.6875906	2.5742457	0.05448139
1352614478003	-6.742072	2.587866	-1.0351465
1352614478023	-6.4424243	2.5742457	-1.5935807
1352614478043	-6.2108784	2.547005	-2.6287272
1352614478063	-6.1291566	2.4925237	-3.9771416
1352614478084	-6.1700177	2.4108016	-5.1893525
1352614478104	-6.2789803	2.3426998	-6.0610547
1352614478124	-6.3198414	2.315459	-6.3879433
1352614478144	-6.0882955	2.2609777	-6.4015636
1352614478164	-5.407278	2.3563201	-5.7341666
1352614478185	-4.5219555	2.315459	-5.802268
1352614478205	-3.9635212	2.3290794	-6.4832854
1352614478225	-3.336985	2.2882185	-7.3413672
1352614478246	-3.0100968	2.0975335	-7.4639506
1352614478266	-2.8057916	1.5799603	-7.1915436
1352614478288	-2.73769	0.939804	-7.6546354
1352614478309	-2.7921712	0.17706452	-8.757884
1352614478326	-2.0430522	-0.3405087	-10.55577
1352614478347	-1.0215261	-0.35412905	-11.4410925
1352614478369	-0.6537767	-0.42223078	-11.155065
1352614478388	-0.7354988	-0.38136974	-10.855417
1352614478408	-1.1168685	0.027240695	-11.223166
1352614478428	-0.7354988	0.19068487	-11.509193
1352614478467	0.17706452	0.38136974	-12.571581
1352614478469	1.1168685	0.6946377	-14.423948
1352614478489	0.88532263	0.7627395	-16.180973
1352614478509	0.5720546	0.7082581	-17.134398
1352614478528	0.38136974	0.5720546	-17.774553
1352614478548	0.313268	0.4903325	-18.414711
1352614478569	-0.05448139	0.21792556	-17.897137
1352614478589	-0.35412905	-0.13620348	-16.208214
1352614478609	-0.44947147	-0.29964766	-14.505671
1352614478647	-0.040861044	-0.2860273	-13.6748295
1352614478650	0.12258313	-0.14982383	-13.279839
1352614478670	-0.040861044	-0.14982383	-12.912089
1352614478690	-0.38136974	0.013620348	-12.353656
1352614478710	-0.7763598	0.08172209	-11.686258
1352614478730	-0.9670447	0.24516626	-11.059722
1352614478751	-1.0623871	0.51757324	-10.705593
1352614478770	-1.3075534	0.7899802	-10.106298
1352614478790	-1.6889231	1.0760075	-9.697687
1352614478810	-2.2064962	1.3211738	-9.261836
1352614478830	-2.6968288	1.5527196	-8.5944395
1352614478852	-2.8875136	1.8932283	-7.6546354
1352614478872	-2.9556155	2.233737	-6.619489
1352614478893	-3.4595683	2.5606253	-5.8567495
1352614478913	-3.9362805	2.8330324	-5.407278
1352614478934	-4.1269655	3.0781987	-5.134871
1352614478954	-4.3585114	3.2825038	-4.6853995
1352614478973	-4.508335	3.4187074	-3.8954194
1352614478994	-4.6445384	3.5140498	-3.2416427
1352614479014	-5.1484914	3.4731886	-2.2882185
1352614479034	-5.7477865	3.336985	-1.6480621
1352614479055	-6.197258	3.214402	-1.3211738
1352614479075	-6.3198414	3.2416427	-0.939804
1352614479095	-6.4151835	3.336985	-0.2860273
1352614479115	-6.701211	3.3778462	0.51757324
1352614479138	-7.5456724	3.255263	1.525479
1352614479158	-8.117727	3.214402	2.669588
1352614479177	-8.349273	3.3097446	3.7728362
1352614479197	-8.076866	3.5549107	4.862464
1352614479217	-7.7772183	3.718355	5.706926
1352614479239	-7.7908387	3.7728362	6.428804
1352614479259	-8.281172	3.6774938	6.932757
1352614479279	-9.180115	3.4187074	6.782933
1352614479299	-9.302697	3.214402	7.504812
1352614479340	-7.4230895	3.8954194	7.872561
1352614479341	-6.0610547	4.440233	8.267551
1352614479359	-5.992953	4.508335	8.21307
1352614479379	-7.327747	4.113345	7.8998017
1352614479399	-8.3765135	3.7455957	7.804459
1352614479431	-8.144968	3.7319753	7.3141265
1352614479439	-7.2596455	3.8954194	6.6467295
1352614479459	-6.6331096	3.990762	5.8976107
1352614479479	-6.67397	3.990762	4.671779
1352614479499	-6.769313	3.9362805	3.214402
1352614479520	-6.9872384	3.7728362	1.920469
1352614479540	-6.932757	3.6911142	1.0215261
1352614479560	-6.4424243	3.6774938	0.313268
1352614479581	-6.1563973	3.6502533	-0.9670447
1352614479601	-6.26536	3.445948	-2.315459
1352614479621	-6.619489	3.1190596	-2.9283748
1352614479642	-6.3198414	3.050958	-2.819412
1352614479662	-5.5571017	3.2007818	-3.255263
1352614479682	-4.767122	3.3506055	-4.1542063
1352614479702	-4.6172976	3.2280223	-4.944186
1352614479722	-4.7535014	3.0237172	-4.6853995
1352614479743	-4.4129925	2.9964764	-4.7262607
1352614479762	-3.5821514	3.2007818	-5.992953
1352614479783	-3.1054392	3.405087	-7.763598
1352614479803	-3.2961242	3.445948	-8.962189
1352614479823	-3.3097446	3.2688835	-8.471856
1352614479844	-2.7649305	3.0645783	-7.3549876
1352614479864	-1.7842655	3.0237172	-8.158588
1352614479885	-1.3620348	2.901134	-9.915613
1352614479905	-1.7434045	2.547005	-11.127824
1352614479927	-2.1383946	2.0430522	-10.514909
1352614479948	-1.9068487	1.3075534	-8.689782
1352614479966	-0.8036005	0.88532263	-8.812365
1352614479986	0.3405087	0.7354988	-10.296983
1352614480007	0.05448139	0.50395286	-12.394516
1352614480027	-0.6946377	0.12258313	-13.0619135
1352614480050	-1.0623871	-0.05448139	-13.157256
1352614480068	-0.61291564	0.027240695	-13.157256
1352614480088	-0.9125633	0.3405087	-14.655494
1352614480116	-0.7354988	0.27240697	-15.568057
1352614480134	-0.23154591	0.42223078	-16.739407
1352614480148	-0.06810174	0.46309182	-17.120777
1352614480168	0.095342435	0.47671217	-16.766647
1352614480188	0.10896278	0.626536	-16.344418
1352614480208	-0.14982383	0.626536	-15.527196
1352614480252	0.05448139	0.7354988	-14.49205
1352614480252	0.12258313	0.8308412	-13.116395
1352614480294	-0.27240697	0.8036005	-12.503479
1352614480294	-0.81722087	0.84446156	-11.876944
1352614480312	-0.95342433	1.0896279	-11.127824
1352614480333	-1.0896279	1.4165162	-10.160779
1352614480354	-1.3620348	1.6753027	-9.234595
1352614480373	-1.6753027	2.0294318	-8.471856
1352614480393	-2.0430522	2.2882185	-8.063246
1352614480414	-2.5742457	2.4108016	-7.8317
1352614480434	-3.1463003	2.4789033	-7.504812
1352614480454	-3.5004294	2.4789033	-6.7965536
1352614480474	-3.8681788	2.5606253	-6.074675
1352614480495	-4.399372	2.6832085	-5.5843425
1352614480517	-4.9986677	2.669588	-5.3800373
1352614480535	-5.3800373	2.819412	-5.366417
1352614480555	-5.7205462	2.9283748	-5.325556
1352614480575	-5.9793324	3.091819	-5.0259085
1352614480596	-6.2108784	3.1599207	-4.5900574
1352614480616	-6.101916	3.3506055	-3.840938
1352614480637	-6.1700177	3.4731886	-3.1463003
1352614480657	-6.347082	3.5004294	-2.315459
1352614480678	-6.4151835	3.6093922	-1.5118586
1352614480698	-6.67397	3.718355	-0.61291564
1352614480719	-6.891896	3.7728362	0.24516626
1352614480740	-7.04172	3.8136973	0.9670447
1352614480760	-7.0280995	3.8545585	1.6208214
1352614480779	-7.0280995	3.990762	2.4789033
1352614480799	-6.9872384	4.0588636	3.3506055
1352614480819	-6.9599977	4.113345	4.344891
1352614480840	-6.9599977	4.235928	5.6660647
1352614480859	-7.0553403	4.2904096	6.8237944
1352614480880	-7.3005066	4.2223077	7.286886
1352614480902	-7.641015	3.9362805	7.600154
1352614480923	-7.940663	3.636633	8.21307
1352614480942	-7.763598	3.5821514	8.60806
1352614480962	-8.362893	3.4595683	8.471856
1352614480982	-8.076866	3.486809	7.8317
1352614481018	-7.804459	3.759216	6.864655
1352614481023	-7.8861814	3.800077	6.1700177
1352614481042	-7.872561	3.8545585	5.843129
1352614481084	-7.804459	3.8545585	5.5434813
1352614481084	-7.3822284	4.072484	5.3119354
1352614481103	-7.3141265	3.8681788	5.1893525
1352614481123	-7.4503303	3.6638734	4.862464
1352614481143	-7.3822284	3.7728362	4.1814466
1352614481163	-6.742072	4.004382	2.9147544
1352614481183	-6.0882955	4.344891	1.0623871
1352614481203	-6.033814	4.4810944	-0.7218784
1352614481224	-6.197258	4.4810944	-2.0430522
1352614481245	-6.3607025	4.440233	-2.6559677
1352614481264	-6.2789803	4.4129925	-2.7921712
1352614481284	-5.706926	4.5219555	-3.214402
1352614481304	-5.202973	4.5628166	-3.8681788
1352614481324	-5.175732	4.4129925	-4.7943625
1352614481345	-5.3527966	4.2495484	-5.3800373
1352614481365	-5.325556	4.099725	-5.570722
1352614481385	-4.8488436	4.0180025	-5.4890003
1352614481406	-4.1542063	3.9635212	-5.8158884
1352614481426	-3.8136973	3.840938	-6.6331096
1352614481449	-3.7319753	3.6093922	-7.0553403
1352614481467	-3.6093922	3.3914666	-6.701211
1352614481488	-3.0645783	3.2280223	-6.9191365
1352614481507	-2.3563201	3.214402	-7.8861814
1352614481529	-2.0430522	3.1871614	-8.771504
1352614481549	-2.2201166	2.9556155	-8.989429
1352614481567	-2.152015	2.5742457	-8.063246
1352614481588	-1.2258313	2.4789033	-7.8180795
1352614481609	-0.32688835	2.3426998	-8.22669
1352614481629	0.095342435	2.083913	-8.866846
1352614481649	0.24516626	1.6208214	-9.139254
1352614481671	0.3405087	1.1032481	-9.316318
1352614481692	0.8308412	0.92618364	-10.147159
1352614481712	1.2803127	0.7082581	-11.400231
1352614481731	1.6753027	0.7082581	-12.92571
1352614481751	1.293933	0.50395286	-14.342226
1352614481787	2.1247742	0.53119355	-15.28203
1352614481791	2.547005	0.55843425	-16.221834
1352614481810	2.6151068	0.3677494	-16.930092
1352614481830	2.73769	0.095342435	-17.515768
1352614481851	2.192876	0.12258313	-17.63835
1352614481871	1.8387469	-0.24516626	-16.644066
1352614481893	1.8659877	-0.38136974	-15.731502
1352614481921	1.7706453	-0.3677494	-14.914281
1352614481934	0.939804	-0.3949901	-13.525005
1352614481957	0.7354988	-0.25878662	-13.184497
1352614481975	0.7082581	-0.06810174	-12.843987
1352614481995	0.4903325	0.12258313	-12.285554
1352614482015	0.095342435	0.3949901	-11.536434
1352614482035	-0.17706452	0.7354988	-10.664732
1352614482056	-0.51757324	1.1168685	-9.983715
1352614482076	-0.42223078	1.7025435	-9.248216
1352614482097	-0.8308412	2.1247742	-8.471856
1352614482118	-1.5935807	2.547005	-7.763598
1352614482136	-2.2064962	2.8602731	-7.0553403
1352614482157	-2.547005	3.2825038	-6.4151835
1352614482177	-2.8057916	3.636633	-5.761407
1352614482198	-3.0237172	4.0588636	-5.5026207
1352614482218	-3.568531	4.2495484	-4.9986677
1352614482240	-4.0588636	4.385752	-4.3312707
1352614482258	-4.344891	4.440233	-3.4323275
1352614482279	-4.426613	4.4129925	-2.6014864
1352614482299	-5.09401	4.235928	-1.525479
1352614482319	-5.284695	4.263169	-0.23154591
1352614482339	-4.944186	4.385752	0.92618364
1352614482359	-4.9169455	4.263169	2.0158114
1352614482379	-5.5843425	3.8954194	3.0100968
1352614482400	-6.3607025	3.568531	4.167826
1352614482420	-6.9872384	3.3097446	5.2302136
1352614482440	-7.409469	3.13268	6.510526
1352614482460	-7.5456724	3.1190596	7.7363577
1352614482480	-7.600154	3.0645783	8.253931
1352614482502	-8.62168	3.4595683	7.804459
1352614482524	-8.240311	3.050958	8.444615
1352614482542	-8.21307	3.13268	8.349273
1352614482565	-7.9270425	3.2825038	8.512717
1352614482582	-7.504812	3.5412905	8.390134
1352614482602	-7.3549876	3.800077	8.104107
1352614482622	-7.8589406	3.7455957	7.5865335
1352614482642	-8.253931	3.7455957	7.0280995
1352614482666	-8.049625	3.8954194	6.4151835
1352614482687	-7.3141265	4.2223077	5.6524444
1352614482726	-6.4832854	4.508335	4.767122
1352614482728	-5.706926	4.7943625	3.6502533
1352614482747	-5.3800373	4.862464	2.669588
1352614482769	-5.706926	4.658159	1.7161638
1352614482787	-5.9793324	4.5491962	1.0623871
1352614482808	-5.638824	4.6036777	0.12258313
1352614482828	-5.012288	4.535576	-1.5799603
1352614482848	-4.807983	4.385752	-3.6638734
1352614482869	-5.448139	4.031623	-5.298315
1352614482889	-6.4424243	3.7047346	-6.101916
1352614482909	-6.619489	3.5549107	-6.605869
1352614482931	-5.992953	3.636633	-6.851035
1352614482949	-5.1484914	3.7047346	-6.6331096
1352614482970	-4.69902	3.718355	-6.0882955
1352614482990	-4.2904096	3.840938	-5.1893525
1352614483010	-3.881799	3.8954194	-5.284695
1352614483030	-3.8954194	3.7319753	-6.006573
1352614483050	-4.1269655	3.445948	-6.769313
1352614483074	-3.8681788	3.1871614	-6.8374147
1352614483091	-3.0645783	3.1054392	-7.177923
1352614483113	-2.4244218	3.0100968	-7.995144
1352614483131	-2.5606253	2.6151068	-8.567199
1352614483153	-3.1599207	2.0566726	-8.458236
1352614483172	-3.091819	1.484618	-7.872561
1352614483192	-2.5742457	1.2666923	-9.084772
1352614483212	-1.484618	1.3484144	-11.182305
1352614483232	-1.0215261	1.293933	-12.803127
1352614483254	-1.293933	1.253072	-12.5579605
1352614483273	-1.253072	1.1304889	-11.100583
1352614483293	-0.8036005	1.1849703	-9.956474
1352614483315	0.027240695	1.4028958	-10.7192135
1352614483338	0.54481393	1.4301366	-13.279839
1352614483355	0.8036005	1.56634	-16.644066
1352614483383	0.3677494	1.8115063	-16.575964
1352614483395	0.23154591	1.8932283	-17.379564
1352614483415	0.21792556	1.6753027	-16.235455
1352614483435	0.19068487	1.607201	-15.636159
1352614483455	-0.21792556	1.3756552	-15.527196
1352614483475	-0.14982383	1.293933	-15.26841
1352614483495	-0.095342435	1.1304889	-14.641873
1352614483527	-0.313268	0.8580819	-13.783792
1352614483571	-0.61291564	0.81722087	-12.803127
1352614483571	-0.8036005	0.89894295	-11.931424
1352614483577	-0.87170225	1.0896279	-11.386611
1352614483597	-1.0487667	1.3211738	-10.623871
1352614483617	-1.253072	1.5118586	-9.861132
1352614483638	-1.484618	1.7706453	-9.220976
1352614483658	-1.8387469	1.9885708	-8.635301
1352614483678	-2.2201166	2.3290794	-7.9270425
1352614483698	-2.8330324	2.4789033	-7.0553403
1352614483721	-3.091819	2.7785509	-6.537767
1352614483739	-3.445948	2.9556155	-5.9793324
1352614483759	-3.7455957	3.1599207	-5.87037
1352614483779	-4.2223077	3.3097446	-5.448139
1352614483799	-4.8897047	3.2825038	-4.658159
1352614483819	-5.5026207	3.3778462	-3.718355
1352614483840	-5.8839903	3.568531	-2.9419951
1352614483861	-5.9248514	3.840938	-2.4108016
1352614483881	-5.965712	4.072484	-1.9749504
1352614483901	-5.9248514	4.4129925	-1.3756552
1352614483923	-6.26536	4.576437	-0.7627395
1352614483942	-6.8374147	4.4947147	-0.29964766
1352614483963	-7.1234417	4.4129925	0.50395286
1352614483984	-6.932757	4.508335	1.6344417
1352614484004	-6.4832854	4.576437	3.0237172
1352614484024	-6.3879433	4.5628166	4.576437
1352614484044	-6.510526	4.399372	6.033814
1352614484065	-6.578628	4.3176503	7.096201
1352614484085	-6.3334618	4.0861044	8.144968
1352614484105	-6.7965536	3.7319753	9.0983925
1352614484126	-7.1234417	3.636633	8.825985
1352614484145	-7.4639506	3.3506055	8.567199
1352614484173	-7.0553403	3.7319753	7.9679036
1352614484191	-6.9463773	3.8681788	7.9679036
1352614484205	-6.8374147	4.140586	7.600154
1352614484226	-7.177923	4.2904096	6.605869
1352614484245	-7.749978	4.2495484	5.2574544
1352614484269	-7.8861814	4.2904096	4.0861044
1352614484288	-8.036005	4.113345	3.5412905
1352614484306	-7.6546354	4.0452433	3.3097446
1352614484326	-7.0280995	4.072484	3.5004294
1352614484346	-6.4151835	4.167826	3.445948
1352614484366	-6.0474343	4.2223077	2.506144
1352614484387	-5.938472	4.2223077	0.7763598
1352614484409	-5.7886477	4.195067	-0.7082581
1352614484429	-5.4617596	4.3176503	-1.6616824
1352614484448	-5.2574544	4.372132	-2.73769
1352614484469	-5.09401	4.3176503	-4.235928
1352614484489	-5.0803895	4.3176503	-5.407278
1352614484510	-5.039529	4.235928	-5.938472
1352614484533	-4.467474	4.2495484	-5.992953
1352614484551	-3.92266	4.30403	-6.5922484
1352614484571	-3.5412905	4.3312707	-6.932757
1352614484591	-3.3097446	4.3176503	-6.891896
1352614484612	-2.7649305	4.195067	-6.4015636
1352614484632	-2.152015	4.0861044	-6.7148314
1352614484653	-1.8387469	3.9635212	-8.049625
1352614484673	-1.6753027	3.8273177	-9.289077
1352614484694	-1.8523673	3.636633	-9.697687
1352614484714	-1.5390993	3.5412905	-8.989429
1352614484735	-1.1032481	3.2688835	-8.267551
1352614484754	-0.6946377	2.9283748	-8.063246
1352614484776	-0.44947147	2.6287272	-8.676162
1352614484794	-0.23154591	2.2882185	-9.534244
1352614484815	0.027240695	2.1792557	-10.242501
1352614484835	0.313268	1.9885708	-10.746454
1352614484855	0.7491191	1.5935807	-10.909899
1352614484876	1.1985906	1.253072	-11.182305
1352614484905	1.0896279	0.47671217	-13.33432
1352614484933	1.2394516	0.29964766	-14.818938
1352614484943	1.7706453	0.17706452	-16.153732
1352614484962	1.6889231	0.027240695	-17.25698
1352614484982	1.8932283	0.027240695	-17.406805
1352614485002	1.7570249	-0.06810174	-17.039055
1352614485022	1.5935807	0.05448139	-16.766647
1352614485043	1.8115063	0.040861044	-16.08563
1352614485063	1.879608	0.12258313	-15.568057
1352614485093	1.7025435	0.16344418	-15.023244
1352614485137	1.5118586	0.2860273	-14.859799
1352614485138	1.5799603	0.35412905	-14.982383
1352614485145	1.3892754	0.38136974	-14.859799
1352614485165	1.3211738	0.40861043	-14.151542
1352614485185	1.3211738	0.54481393	-12.789507
1352614485207	0.84446156	0.8036005	-11.413852
1352614485230	0.35412905	1.1577295	-10.256122
1352614485247	-0.08172209	1.4301366	-9.112013
1352614485267	-0.35412905	1.7025435	-7.559293
1352614485287	-0.7354988	2.1247742	-6.0201936
1352614485308	-0.9670447	2.5606253	-4.4538536
1352614485328	-1.3484144	2.819412	-2.6968288
1352614485348	-1.9885708	3.091819	-1.4028958
1352614485369	-2.9147544	3.2961242	-0.43585113
1352614485389	-3.7455957	3.3506055	0.313268
1352614485409	-4.263169	3.5140498	0.939804
1352614485429	-4.807983	3.5821514	1.8387469
1352614485450	-5.0803895	3.6093922	3.0237172
1352614485471	-5.706926	3.636633	4.1269655
1352614485491	-7.3549876	3.9499009	5.053149
1352614485510	-7.8861814	3.4595683	7.04172
1352614485547	-7.6137743	3.6774938	7.681876
1352614485551	-7.096201	3.8954194	8.240311
1352614485571	-6.742072	4.140586	9.125633
1352614485591	-7.409469	4.031623	9.847511
1352614485611	-8.022385	3.800077	10.54215
1352614485632	-7.9270425	3.8681788	10.419566
1352614485654	-7.3141265	3.9635212	9.861132
1352614485699	-7.000859	4.031623	9.057531
1352614485700	-6.9599977	3.92266	8.144968
1352614485718	-6.7965536	3.8273177	6.973618
1352614485737	-6.6331096	3.6093922	5.7205462
1352614485756	-6.374323	3.5412905	4.1542063
1352614485776	-5.6252036	3.5412905	2.152015
1352614485796	-4.576437	3.568531	0.81722087
1352614485816	-4.385752	3.3642259	-0.06810174
1352614485836	-4.167826	3.2688835	-0.95342433
1352614485857	-3.6638734	3.214402	-2.547005
1352614485879	-3.2825038	3.091819	-4.2223077
1352614485906	-2.7104492	2.9964764	-5.0259085
1352614485918	-1.96133	2.8875136	-4.4538536
1352614485938	-0.7627395	2.6559677	-4.4129925
1352614485958	0.05448139	2.1247742	-5.3527966
1352614485979	0.25878662	1.7706453	-7.477571
1352614485999	0.6946377	1.4028958	-8.444615
1352614486022	1.3756552	0.92618364	-8.689782
1352614486039	1.8659877	0.35412905	-9.820271
1352614486061	2.083913	0.040861044	-11.9450445
1352614486079	2.2064962	-0.12258313	-13.770171
1352614486101	2.3971813	-0.2860273	-14.955142
1352614486123	1.6480621	-1.0896279	-17.747313
1352614486142	2.547005	-0.7354988	-18.537292
1352614486184	3.050958	-0.43585113	-18.905043
1352614486184	2.7104492	-0.5720546	-18.591774
1352614486203	2.4380422	-0.626536	-18.237646
1352614486222	1.920469	-0.4903325	-18.38747
1352614486243	1.6889231	-0.50395286	-17.856276
1352614486264	1.920469	-0.38136974	-16.793888
1352614486286	1.8387469	-0.29964766	-15.772363
1352614486304	1.6344417	-0.21792556	-14.968762
1352614486324	1.5390993	-0.06810174	-14.274124
1352614486345	1.5527196	0.05448139	-13.68845
1352614486367	1.5935807	0.24516626	-13.3207
1352614486385	1.525479	0.4903325	-12.612442
1352614486406	1.0351465	0.7491191	-11.481953
1352614486426	0.5720546	1.0623871	-10.351464
1352614486446	0.24516626	1.5390993	-9.030291
1352614486466	-0.27240697	1.96133	-7.995144
1352614486486	-0.7627395	2.4789033	-6.9599977
1352614486507	-1.2122109	2.6832085	-5.843129
1352614486529	-1.7978859	2.8602731	-5.012288
1352614486547	-2.3426998	3.0645783	-3.9090397
1352614486567	-2.9283748	3.3233647	-2.9556155
1352614486588	-3.3097446	3.5140498	-2.2201166
1352614486609	-3.4595683	3.5957718	-1.0623871
1352614486630	-4.113345	3.636633	0.2860273
1352614486650	-4.5628166	3.568531	2.070293
1352614486670	-4.9578066	3.4731886	3.568531
1352614486690	-6.074675	3.3097446	5.09401
1352614486710	-7.804459	2.5606253	4.5628166
1352614486732	-8.894087	2.3971813	7.096201
1352614486772	-8.7034025	2.9283748	7.5456724
1352614486773	-7.641015	3.4187074	7.477571
1352614486790	-6.9599977	3.7728362	7.8998017
1352614486810	-7.572913	3.7728362	8.812365
1352614486830	-8.989429	3.3914666	9.588725
1352614486859	-8.894087	3.3097446	9.765789
1352614486879	-7.668256	3.5957718	8.934948
1352614486919	-6.347082	4.004382	7.9679036
1352614486919	-6.1291566	3.990762	7.177923
1352614486934	-6.7556925	3.6774938	6.578628
1352614486953	-6.782933	3.4731886	5.761407
1352614486973	-5.992953	3.4731886	4.5219555
1352614486994	-4.767122	3.6911142	2.5197644
1352614487017	-4.031623	3.800077	0.7218784
1352614487039	-4.0588636	3.6774938	-0.313268
1352614487056	-4.235928	3.3506055	-1.2258313
1352614487075	-3.7047346	3.1871614	-2.2882185
1352614487096	-2.4789033	3.2280223	-3.7047346
1352614487116	-1.1985906	3.2688835	-5.0259085
1352614487136	-0.51757324	2.982856	-5.9248514
1352614487156	-0.6946377	2.6423476	-6.5241466
1352614487176	-0.5720546	2.192876	-7.4503303
1352614487196	0.667397	2.083913	-7.5320525
1352614487217	1.879608	1.7978859	-7.6137743
1352614487237	2.192876	1.1577295	-8.322033
1352614487258	2.6014864	0.46309182	-10.147159
1352614487278	2.6423476	-0.12258313	-12.653303
1352614487297	2.383561	-0.50395286	-15.145826
1352614487319	2.2745981	-0.92618364	-16.153732
1352614487338	2.0566726	-1.5799603	-16.126492
1352614487359	1.3211738	-1.6753027	-16.548723
1352614487380	2.3018389	-1.7978859	-16.87561
1352614487403	2.9556155	-1.8387469	-18.01972
1352614487419	2.969236	-1.8387469	-18.673496
1352614487439	3.091819	-1.96133	-19.014006
1352614487459	2.2745981	-1.6753027	-18.741598
1352614487479	2.0294318	-1.6753027	-16.998194
1352614487508	2.506144	-1.3756552	-15.840465
1352614487547	2.669588	-1.0896279	-15.145826
1352614487547	2.2745981	-1.0215261	-14.723596
1352614487562	1.6889231	-0.88532263	-14.328606
1352614487581	1.4028958	-0.7082581	-13.6748295
1352614487601	1.2122109	-0.35412905	-13.089154
1352614487621	1.2258313	0.027240695	-12.380896
1352614487647	0.89894295	0.9670447	-10.59663
1352614487663	0.89894295	0.9670447	-10.59663
1352614487683	0.027240695	1.3211738	-9.520623
1352614487705	-0.50395286	1.7434045	-7.600154
1352614487723	-0.53119355	2.1792557	-7.600154
1352614487743	-0.7491191	2.6423476	-6.347082
1352614487764	-1.0896279	3.0237172	-5.053149
1352614487784	-1.5390993	3.3778462	-3.8273177
1352614487804	-2.1111538	3.568531	-2.6014864
1352614487824	-2.901134	3.6774938	-1.0079057
1352614487844	-3.6093922	3.7047346	0.24516626
1352614487865	-4.2086873	3.486809	1.607201
1352614487884	-4.9986677	3.3233647	2.8602731
1352614487907	-6.033814	3.0781987	4.1542063
1352614487925	-7.2187843	2.7921712	5.638824
1352614487945	-7.995144	2.6423476	6.4151835
1352614487966	-8.063246	2.73769	6.115536
1352614487986	-7.7908387	3.2007818	5.638824
1352614488007	-7.2187843	3.13268	7.3141265
1352614488026	-7.5320525	2.9964764	9.057531
1352614488050	-7.872561	2.8057916	10.20164
1352614488066	-8.144968	2.7104492	10.419566
1352614488086	-7.9679036	2.8057916	10.18802
1352614488111	-8.036005	2.669588	9.901993
1352614488131	-8.117727	2.587866	9.602345
1352614488146	-8.185829	2.4925237	9.39804
1352614488167	-7.954283	2.4789033	8.853226
1352614488187	-7.1098213	2.5197644	7.7772183
1352614488207	-6.0610547	2.7240696	6.2789803
1352614488227	-5.448139	2.901134	4.5491962
1352614488247	-5.284695	3.0100968	2.8057916
1352614488269	-5.202973	3.1871614	0.6401563
1352614488290	-5.1893525	3.2961242	-1.2803127
1352614488308	-4.8352237	3.4595683	-2.5333846
1352614488328	-3.8681788	3.840938	-2.4789033
1352614488349	-2.8466527	4.1542063	-2.8875136
1352614488369	-2.3018389	4.167826	-3.718355
1352614488389	-2.0294318	4.072484	-4.6445384
1352614488409	-1.4709976	4.0452433	-4.930566
1352614488429	-0.313268	4.1542063	-5.597963
1352614488450	1.1304889	4.2223077	-6.8237944
1352614488471	1.525479	4.1269655	-8.21307
1352614488490	1.4165162	3.7728362	-8.962189
1352614488512	1.9749504	3.3642259	-9.643207
1352614488532	2.4516625	3.0100968	-10.9371395
1352614488551	2.4789033	2.587866	-12.231072
1352614488573	2.152015	2.002191	-12.517099
1352614488593	2.070293	1.253072	-12.054008
1352614488613	1.9340894	0.7899802	-12.9529505
1352614488633	2.6832085	0.32688835	-14.246883
1352614488678	3.255263	0.32688835	-15.963048
1352614488678	3.3233647	0.13620348	-17.011814
1352614488694	2.152015	-0.54481393	-17.420425
1352614488714	1.4301366	-0.6810174	-17.910757
1352614488734	0.9670447	-0.8036005	-17.937998
1352614488755	1.1032481	-0.7491191	-17.270601
1352614488783	1.1849703	-0.6537767	-16.05839
1352614488795	1.3075534	-0.38136974	-14.996003
1352614488815	1.8387469	-0.08172209	-14.09706
1352614488835	1.8387469	0.12258313	-13.402422
1352614488856	1.4437568	0.35412905	-13.198117
1352614488876	0.89894295	0.4903325	-13.443283
1352614488897	0.89894295	0.8308412	-13.919995
1352614488925	1.2394516	1.0487667	-13.3207
1352614488959	0.9942854	1.7161638	-11.931424
1352614488979	0.7627395	2.1656353	-11.005241
1352614488999	0.2860273	2.4244218	-9.874752
1352614489019	-0.23154591	2.8330324	-8.689782
1352614489039	-0.50395286	3.1599207	-7.6546354
1352614489060	-0.5720546	3.5821514	-6.5241466
1352614489079	-0.667397	3.718355	-4.9578066
1352614489100	-1.3620348	4.031623	-3.2961242
1352614489120	-2.233737	4.3585114	-1.7842655
1352614489140	-2.7921712	4.6853995	-0.7899802
1352614489162	-3.214402	4.862464	-0.12258313
1352614489182	-3.6774938	4.930566	0.47671217
1352614489201	-4.2086873	4.8897047	1.4165162
1352614489222	-4.7126403	4.739881	2.5742457
1352614489243	-5.47538	4.576437	3.759216
1352614489264	-6.428804	4.1542063	4.944186
1352614489282	-7.4503303	3.5549107	5.9793324
1352614489303	-7.641015	3.6774938	6.3334618
1352614489322	-6.578628	3.9771416	7.164303
1352614489346	-6.2517395	3.8681788	7.8317
1352614489369	-6.8782754	3.4187074	8.894087
1352614489387	-7.7227373	2.8330324	10.378705
1352614489421	-8.240311	2.4244218	11.672638
1352614489424	-8.158588	2.2882185	12.122109
1352614489444	-7.600154	2.5606253	11.413852
1352614489463	-6.9463773	2.8602731	10.269742
1352614489483	-7.0689607	3.050958	9.01667
1352614489503	-7.763598	2.8875136	7.8861814
1352614489525	-7.8317	2.982856	6.742072
1352614489544	-7.1098213	3.1871614	5.3800373
1352614489564	-5.992953	3.568531	3.92266
1352614489585	-5.3800373	3.881799	2.6423476
1352614489605	-4.9850473	4.031623	1.607201
1352614489625	-4.69902	4.0180025	0.17706452
1352614489645	-4.3312707	4.072484	-1.2258313
1352614489665	-3.718355	4.344891	-2.2882185
1352614489685	-3.2961242	4.535576	-3.255263
1352614489706	-2.969236	4.4810944	-4.3312707
1352614489726	-2.5742457	4.276789	-5.0803895
1352614489747	-1.6753027	4.2904096	-5.09401
1352614489767	-0.7763598	4.167826	-4.767122
1352614489788	-0.08172209	3.92266	-5.611583
1352614489809	0.35412905	3.5957718	-6.7965536
1352614489827	0.9942854	3.3506055	-7.559293
1352614489849	2.0566726	3.050958	-7.4639506
1352614489868	3.0237172	2.73769	-8.567199
1352614489888	2.9964764	2.083913	-10.378705
1352614489908	2.3426998	1.4573772	-11.4410925
1352614489930	2.1383946	0.9125633	-12.258313
1352614489949	2.0294318	0.51757324	-13.770171
1352614489969	2.4789033	0.32688835	-17.461287
1352614489989	2.3018389	0.5992953	-17.025434
1352614490023	2.3018389	1.3211738	-17.025434
1352614490030	4.004382	2.083913	-17.297842
1352614490048	4.1269655	2.3563201	-18.319368
1352614490069	3.486809	2.4516625	-18.83694
1352614490089	3.1599207	2.0975335	-19.095728
1352614490114	3.5004294	1.4982382	-19.054867
1352614490131	3.5549107	1.0896279	-17.869896
1352614490150	3.0781987	0.81722087	-15.636159
1352614490170	2.233737	0.84446156	-13.0619135
1352614490190	2.0294318	1.2803127	-10.61025
1352614490210	2.4108016	1.8932283	-8.744264
1352614490231	2.3018389	2.506144	-8.866846
1352614490251	1.9885708	2.6968288	-9.248216
1352614490271	0.84446156	2.4789033	-8.880466
1352614490292	-0.21792556	2.4925237	-7.409469
1352614490314	-0.6810174	2.6151068	-6.1291566
1352614490336	-1.0351465	2.8602731	-5.1076303
1352614490354	-1.3075534	3.173541	-4.671779
1352614490374	-1.879608	3.3097446	-3.5957718
1352614490395	-2.6151068	3.4731886	-2.5197644
1352614490415	-3.2688835	3.6093922	-1.5799603
1352614490435	-4.0180025	3.8273177	-0.3949901
1352614490455	-4.8488436	3.7864566	0.626536
1352614490476	-4.944186	3.8273177	1.2803127
1352614490496	-5.1076303	3.7455957	2.6014864
1352614490516	-5.829509	3.4731886	4.1269655
1352614490536	-6.4832854	3.091819	6.605869
1352614490557	-7.0553403	2.7104492	9.479762
1352614490577	-7.273266	2.9556155	10.133538
1352614490597	-7.954283	3.050958	11.059722
1352614490617	-7.572913	3.0645783	11.713499
1352614490649	-7.4911914	3.0781987	12.394516
1352614490657	-7.504812	3.13268	12.4489975
1352614490677	-7.8317	3.1463003	11.645397
1352614490697	-8.253931	3.1054392	10.664732
1352614490720	-7.913422	3.173541	9.643207
1352614490747	-7.205164	3.3506055	8.539958
1352614490758	-6.306221	3.4323275	6.932757
1352614490777	-5.407278	3.6093922	4.903325
1352614490799	-4.807983	3.9090397	2.8057916
1352614490818	-4.8216033	3.8681788	1.0215261
1352614490838	-4.739881	3.8681788	-0.6537767
1352614490858	-4.1542063	3.9362805	-1.8523673
1352614490879	-3.3778462	4.099725	-2.547005
1352614490899	-2.8602731	4.140586	-3.636633
1352614490920	-2.6014864	3.990762	-4.467474
1352614490941	-2.4789033	3.759216	-4.9578066
1352614490963	-1.8932283	3.568531	-5.298315
1352614490981	-0.92618364	3.486809	-5.992953
1352614491001	-0.23154591	3.3778462	-7.2596455
1352614491021	0.05448139	3.2961242	-8.676162
1352614491042	0.040861044	3.1871614	-9.084772
1352614491062	1.1168685	3.2007818	-9.180115
1352614491083	2.3426998	2.9964764	-9.152874
1352614491105	2.5333846	2.6559677	-10.106298
1352614491123	2.2201166	2.2745981	-11.277648
1352614491145	2.2064962	2.0430522	-11.972285
1352614491163	2.8057916	1.8387469	-12.312795
1352614491185	3.336985	1.3484144	-12.4489975
1352614491204	3.336985	0.92618364	-12.993812
1352614491224	3.214402	0.667397	-13.892755
1352614491244	2.002191	0.7763598	-14.832559
1352614491264	2.8875136	0.81722087	-15.132206
1352614491301	3.6774938	1.0079057	-15.459095
1352614491305	4.072484	1.2394516	-15.173067
1352614491324	4.031623	1.4301366	-14.2877445
1352614491345	3.3233647	1.7297841	-13.375181
1352614491364	3.0237172	1.7978859	-12.162971
1352614491388	3.4187074	2.152015	-10.705593
1352614491405	3.3097446	2.4108016	-9.0983925
1352614491426	2.819412	2.669588	-8.008764
1352614491445	2.4108016	2.8602731	-7.3005066
1352614491466	2.1656353	3.091819	-6.8782754
1352614491486	2.2882185	3.4187074	-6.891896
1352614491507	2.6559677	3.7319753	-6.7284517
1352614491527	3.1054392	4.1269655	-6.0474343
1352614491547	3.4731886	4.658159	-5.529861
1352614491567	3.7319753	5.1621118	-5.5434813
1352614491590	4.0861044	5.611583	-5.570722
1352614491608	4.508335	6.101916	-5.1621118
1352614491628	4.6445384	6.2789803	-4.5628166
1352614491648	5.0259085	6.510526	-3.3642259
1352614491669	5.4617596	6.851035	-2.4108016
1352614491689	5.7205462	7.137062	-2.083913
1352614491709	5.407278	7.3005066	-1.96133
1352614491730	5.09401	7.327747	-1.4573772
1352614491751	4.9850473	7.5456724	-0.88532263
1352614491771	5.3800373	7.559293	-0.27240697
1352614491793	6.0882955	7.6546354	1.334794
1352614491814	6.0882955	7.8317	1.334794
1352614491833	5.0259085	7.7227373	1.7025435
1352614491853	4.385752	7.6273947	2.3426998
1352614491877	4.2223077	7.5456724	2.8738933
1352614491897	4.4810944	7.5320525	3.3914666
1352614491917	4.4947147	7.600154	3.800077
1352614491938	4.1269655	7.641015	3.636633
1352614491958	4.0588636	7.641015	3.3097446
1352614491978	4.1542063	7.4230895	3.800077
1352614491998	4.69902	7.3822284	6.9599977
1352614492020	4.535576	6.619489	8.117727
1352614492040	3.6093922	6.510526	7.872561
1352614492060	3.1871614	6.891896	7.246025
1352614492080	3.4187074	7.0280995	7.0689607
1352614492101	3.8681788	7.668256	6.374323
1352614492121	3.7728362	7.600154	5.611583
1352614492142	3.4323275	7.2324047	5.7886477
1352614492162	3.486809	7.000859	6.932757
1352614492182	3.8954194	7.096201	7.477571
1352614492205	3.990762	6.9191365	7.3005066
1352614492223	3.800077	6.4151835	6.891896
1352614492243	3.636633	6.510526	6.742072
1352614492263	3.8681788	6.66035	6.9872384
1352614492333	3.9499009	6.851035	5.5162406
1352614492354	3.7864566	6.742072	5.448139
1352614492374	3.2825038	6.428804	5.407278
1352614492394	2.070293	6.0610547	5.47538
1352614492415	1.525479	5.679685	6.0610547
1352614492436	1.1577295	5.938472	6.510526
1352614492455	0.89894295	5.706926	6.0201936
1352614492475	-0.29964766	5.843129	4.9578066
1352614492495	-1.0896279	6.701211	4.344891
1352614492517	-1.56634	7.1506824	4.5219555
1352614492538	-2.0430522	7.246025	5.829509
1352614492556	-2.002191	7.3141265	6.183638
1352614492577	-2.0294318	8.158588	5.6252036
1352614492599	-2.0294318	8.975809	4.7943625
1352614492617	-2.0158114	9.425281	5.0803895
1352614492638	-2.0566726	9.602345	5.8976107
1352614492658	-2.1247742	9.234595	5.9248514
1352614492679	-1.920469	8.676162	5.611583
1352614492700	-1.2394516	8.281172	5.8158884
1352614492719	-0.8036005	7.9679036	6.006573
1352614492740	-0.9942854	7.8589406	6.0610547
1352614492761	-1.1304889	8.022385	6.0201936
1352614492782	-1.1168685	8.022385	6.0201936
1352614492800	-0.6537767	8.21307	5.597963
1352614492820	0.08172209	8.5944395	5.09401
1352614492841	0.50395286	9.125633	4.9578066
1352614492861	0.51757324	9.41166	5.448139
1352614492881	0.81722087	9.765789	5.8976107
1352614492902	0.6401563	9.588725	5.4617596
1352614492924	0.47671217	9.316318	5.053149
1352614492942	0.50395286	9.057531	4.767122
1352614492962	0.8308412	8.948568	4.6036777
1352614492983	0.7354988	8.866846	4.426613
1352614493003	0.35412905	8.785124	4.4129925
1352614493024	-0.06810174	8.635301	4.344891
1352614493045	-0.38136974	8.444615	4.5219555
1352614493065	-0.21792556	8.471856	4.6036777
1352614493086	-0.14982383	8.526338	4.2223077
1352614493105	-0.29964766	8.567199	4.1542063
1352614493125	-0.3949901	8.567199	4.3176503
1352614493145	-0.3405087	8.635301	4.767122
1352614493166	-0.25878662	8.62168	4.862464
1352614493186	-0.027240695	8.771504	4.4947147
1352614493207	0.12258313	8.880466	4.467474
1352614493227	0.23154591	8.853226	4.385752
1352614493249	0.23154591	8.798744	4.235928
1352614493267	0.23154591	8.7034025	3.8681788
1352614493288	-0.24516626	8.730643	4.0180025
1352614493308	0.32688835	8.785124	4.2904096
1352614493349	0.35412905	8.962189	4.140586
1352614493350	0.313268	9.071152	3.9635212
1352614493375	0.17706452	9.152874	4.1814466
